ID,O_LEVEL,OM_LEVEL,A_LEVEL_DIFF,A_SLOPE_TYPE,DM_LEVEL,D_LEVEL,E_LEVEL_DIFF,E_SLOPE_TYPE,M_ORIGIN,M_DESTINATION,D_LANDMARK,D_LAT,D_LONG,E_DISTANCE_MAP,E_TIME_MAP,D_TYPE,O_LANDMARK,O_LAT,O_LONG,A_DISTANCE_MAP,A_TIME_MAP,O_TYPE,START_TIME,TRIP_SEQUENCE,TOTAL_TIME,ACCESS_MODE,ACCESS_TIME,ACCESS_DISTANCE,WT_FS,EGRESS_MODE,EGRESS_TIME,EGRESS_DISTANCE,WT_FIS,BICYCLE_USE,TRANSFER_TIME,WAITING_TIME_SECOND_STOP,PASS,TOTAL_COST,CROWDING,GENDER,S_1,S_2,S_3,AGE,EDUCATION,OCCUPATION,INCOME,CARS,TWO_WHEELER,N_BICYCLES,OTHERS,PARKING,PARK_RENT,PARK,DESTINATION,ORIGIN,TRIP,AGE_C,ACCESS_DIS,EGRESS_DIS,RENT_BICYCLE,MALE,ACCESS_M,EGRESS_M,ACCESS_DIS_B,EGRESS_DIS_B,VEHICLE
1,912,925,12,almost flat,886,916,-30,not defined,Rajajinagar (green line),Nagasandra (green line),"Buddha Jyothi layout,vrushabha marketing mall",13.00938961,77.4975765,6.6,24,Home,"Rajajinagar,1st N block,sardar Patel high school ",13.00404571,77.55255118,0.65,9,Home,10:10:00,Metro ,35,Walk ,10,0.5 to 1 km ,2,Auto Rickshaw ,10,1.5 km to 2 km ,5,For neither access nor egress trips ,,,Metro card ,60,Low crowding - All seats AND up to 25% of standing space occupied ,Male,,,Metro ,> 60 yrs ,Postgraduate,Unemployed,>2 Lakhs,1,1,2,0,0,10,-1,1,1,1,5,2,4,4,1,1,5,2,3,1
4,806,812,6,mostly flat,924,924,0,flat,Rajarajeshwari Nagar (purple line),Mahatma Gandhi Road (purple line),"Mg,road,chruch street",12.97456233,77.60775555,0.13,2,Shopping,"Rr nagar,gopalan mall",12.9359948,77.5177807,0.29,5,Home,10:15:00,Metro ,25,Walk ,5,< 0.5 km ,2,Walk ,2,< 0.5 km ,,For neither access nor egress trips ,,,Metro card ,0,High crowding - All seats AND 50-75% of standing space occupied ,Female,,,Metro ,18-25 yrs ,Postgraduate,Employed,,1,1,0,0,0,10,-1,4,1,1,1,1,1,4,0,1,1,1,1,1
5,911,928,17,mostly flat,921,909,12,mostly flat,Rashtreeya Vidyalaya Road (green line),Trinity (purple line),Trinity commercial street,12.98201648,77.60958733,1.7,8,Shopping,BTM layout grand wedding biryani,12.91638528,77.61068858,3.8,14,Other,10:00:00,Metro ,90,Auto Rickshaw ,15,2.5 km to 3 km ,5,Auto Rickshaw ,10,2 km to 2.5 km ,4,For neither access nor egress trips ,,,No ,180,High crowding - All seats AND 50-75% of standing space occupied ,Female,,,Metro ,18-25 yrs ,Graduate,Employed,>2 Lakhs,0,0,0,0,0,10,-1,4,8,1,1,6,5,4,0,5,5,4,4,0
8,879,925,46,mostly flat,924,921,-3,flat,Mahalakshmi (green line),Mahatma Gandhi Road (purple line),"Mg road,chruch street ,ameoba",12.97473618,77.60491032,0.16,2,Shopping,"Mahalaxmi,nandini layout ",13.01366558,77.53393585,3,9,Home,10:30:00,Metro ,30,Dropped-off by friends/others ,10,2 km to 2.5 km ,5,Walk ,3,< 0.5 km ,,For neither access nor egress trips ,,,Metro card ,0,High crowding - All seats AND 50-75% of standing space occupied ,Female,,,Metro ,18-25 yrs ,Graduate,Student,,1,2,0,0,0,10,-1,4,1,1,1,5,1,4,0,8,1,4,1,1
10,923,895,-28,mixed,930,919,-11,mostly flat,Jalahalli (green line),Jayanagar (green line),"Jayanagar,4th block, Starbucks ",12.92478567,77.58388821,0.9,12,Work,"Peenya 2nd stage,anupama school ",13.01036892,77.49465303,5.9,19,Home,10:45:00,Bus + Metro ,75,Auto Rickshaw ,5,0.5 to 1 km ,1,Walk ,10,< 0.5 km ,,For access trip only ,5,6,Ordinary Monthly Pass ,50,Low crowding - All seats AND up to 25% of standing space occupied ,Male,,,Bus and Metro ,18-25 yrs ,Graduate,Employed,"50,001 – 1,00,000",0,1,0,0,0,10,-1,2,1,2,1,2,1,1,1,5,1,2,1,1
12,922,919,3,flat,926,916,-10,mostly flat,Peenya (green line),Cubbon Park (purple line),"Cubbon park, museum of art and photography ",12.97483706,77.59694617,0.8,11,Shopping,"Yeshwantpur,HMT road",13.04267983,77.53946208,1.7,17,Home,10:40:00,Metro ,50,Walk ,10,1 km to 1.5 km ,2,Walk ,3,1 km to 1.5 km ,,For both access and egress trips ,,,No ,35,High crowding - All seats AND 50-75% of standing space occupied ,Female,,,Metro ,26-35 yrs ,Postgraduate,Student,>2 Lakhs,1,1,2,0,0,10,-1,4,1,1,2,3,3,3,0,1,1,3,3,1
16,929,923,-6,mostly flat,924,922,-2,flat,Jayanagar (green line),Mahatma Gandhi Road (purple line),"Mg road, chruch st",12.97433577,77.60771133,0.3,5,Shopping,Jayanagar kr road ,12.94300804,77.57389923,1.8,25,Home,10:30:00,Metro ,25,Auto Rickshaw ,6,0.5 to 1 km ,0,Walk ,2,0.5 to 1 km ,,For access trip only ,,,Metro card ,29,High crowding - All seats AND 50-75% of standing space occupied ,Female,,,Metro ,18-25 yrs ,Graduate,Student,,0,1,0,0,0,10,-1,4,1,1,1,2,2,1,0,5,1,2,2,1
17,910,904,-6,flat,898,929,31,parabola ,Konanakunte Cross (green line),Baiyappanahalli (purple line),Byappanahalli banaswadi anmaneya temple,13.01429091,77.65614768,4,15,Social,Konankunte prestige falcon city,12.88532638,77.56336369,0.8,4,Home,10:30:00,Metro ,50,Auto Rickshaw ,20,> 5 km ,5,Auto Rickshaw ,15,2.5 km to 3 km ,5,For neither access nor egress trips ,,,No ,160,High crowding - All seats AND 50-75% of standing space occupied ,Female,,,Metro ,> 60 yrs ,Doctorate,Unemployed,,1,0,0,0,0,10,-1,6,1,1,5,11,6,4,0,5,5,5,4,1
18,897,897,0,flat,911,902,-9,rise up,Nagasandra (green line),Chickpet (green line),"NT Pete, kodanda Rama swamy temple near",12.96908682,77.56985265,0.6,9,Work,"Madanayakanahalli, kudurigere colony ",13.06812554,77.47719788,5.5,12,Work,11:00:00,Metro ,30,Dropped-off by friends/others ,5,1.5 km to 2 km ,1,Walk ,5,< 0.5 km ,,For both access and egress trips ,,,No ,40,Low crowding - All seats AND up to 25% of standing space occupied ,Male,,,Metro ,26-35 yrs ,10th,Employed,"50,001 – 1,00,000",0,2,0,0,0,10,-1,2,2,1,2,4,1,3,1,8,1,3,1,1
19,928,880,-48,parabola ,935,915,-20,parabola ,Rashtreeya Vidyalaya Road (green line),Mahalakshmi (green line),Iskon temple rajajinagar,13.01034293,77.55108922,0.6,9,Social,Silk board bus stop,12.9197298,77.62234907,5.2,12,Shopping,10:30:00,Metro ,70,Two-Wheeler ,10,3.5 km to 4 km ,5,Walk ,7,0.5 to 1 km ,,For both access and egress trips ,,,Metro card ,0,No crowding  - Most ,Male,,,Metro ,18-25 yrs ,Graduate,Employed,"1,00,001 – 2,00,000",0,1,0,0,0,10,-1,6,4,1,1,8,2,3,1,3,1,4,2,1
20,925,920,-5,straight fall,802,825,23,hydrograph,Rajajinagar (green line),Rajarajeshwari Nagar (purple line),"Hemmigepura, RR nagar",12.90821464,77.50889031,4.1,15,Home,"Rajajinagar, akash tuition ",13.00006981,77.55047435,0.6,2,Friend,11:20:00,Metro ,50,Walk ,5,< 0.5 km ,5,Two-Wheeler ,15,4.5 km to 5 km ,,For both access and egress trips ,,,Metro card ,0,Very high crowding - All seats AND most standing space occupied ,Female,,,Metro ,18-25 yrs ,12th,Student,"25,001 – 50,000",1,3,0,0,0,10,-1,1,7,1,1,1,10,3,0,1,3,1,5,1
23,806,846,40,hydrograph,917,917,0,flat,Jnanabharathi (purple line),Lalbagh (green line),Lalbagh ,12.95093786,77.58476132,0.22,3,Other,"Nagadevanahalli ,gyanabarathi",12.94309681,77.49054826,3.3,10,Home,11:00:00,Metro ,60,Car ,10,1 km to 1.5 km ,5,Walk ,5,< 0.5 km ,,For both access and egress trips ,,,No ,40,Low crowding - All seats AND up to 25% of standing space occupied ,Male,,,Metro ,36-45 yrs ,Graduate,Employed,,1,1,0,0,0,10,-1,8,1,1,3,3,1,3,1,4,1,3,1,1
25,926,893,-33,fall,918,918,0,flat,Mahalakshmi (green line),Baiyappanahalli (purple line),"Ramurthinagar,gopalan arcade",13.01889456,77.68353854,5.6,16,Shopping,"Mahalaxmi,kurubruhalli",13.0026609,77.53183404,2.3,15,Home,08:30:00,Metro ,105,Ola/Uber car ,15,3.5 km to 4 km ,5,Ola/Uber car ,20,4.5 km to 5 km ,6,For access trip only ,,,No ,38,Very high crowding - All seats AND most standing space occupied ,Female,,,Metro ,18-25 yrs ,Graduate,Employed,"10,001 – 25,000",0,0,0,0,0,10,-1,4,1,1,1,8,10,1,0,6,6,4,5,0
27,922,926,4,flat,932,926,-6,fall,Rajajinagar (green line),Rashtreeya Vidyalaya Road (green line),Rashtriya vidyalaya road ,12.92181774,77.5802611,1.7,8,Social,"Rajajinagar,line park",12.99850758,77.54888001,0.5,7,Home,11:15:00,Metro ,45,Walk ,2,< 0.5 km ,2,Dropped-off by friends/others ,15,1.5 km to 2 km ,2,For neither access nor egress trips ,,,No ,35,Medium crowding - All seats AND 25-50% of standing space occupied ,Male,,,Metro ,46-60 yrs ,10th,Employed,"25,001 – 50,000",0,1,0,0,0,10,-1,6,1,1,4,1,4,4,1,1,8,1,3,1
29,909,906,-3,flat,952,952,0,flat,National College (green line),Jayaprakash Nagar (green line),"Yelahanka,purva venezia",13.10525383,77.56911951,25.7,40,Friend,"V v puram,subramanya temple",12.9528827,77.57624425,0.55,7,Home,11:40:00,Metro ,50,Walk ,1,< 0.5 km ,2,Dropped-off by friends/others ,40,> 5 km ,0,For neither access nor egress trips ,,,No ,21,Medium crowding - All seats AND 25-50% of standing space occupied ,Male,,,Metro ,18-25 yrs ,12th,Student,"50,001 – 1,00,000",0,2,1,0,0,10,-1,7,1,1,1,1,11,4,1,1,8,1,5,1
33,930,930,0,flat,907,904,-3,flat,Sandal Soap Factory (green line),Indiranagar (purple line),"Indranagar,truffles",12.98104935,77.64054346,0.55,7,Restaurant,"Sandalsoap, Orion mall",13.01106256,77.5547078,2,28,Home,11:10:00,Metro ,60,Walk ,15,1 km to 1.5 km ,5,Walk ,5,< 0.5 km ,,For neither access nor egress trips ,,,Metro card ,0,No crowding  - Most ,Female,,,Metro ,18-25 yrs ,Graduate,Employed,,1,0,0,0,0,10,-1,5,1,1,1,3,1,4,0,1,1,3,1,1
35,910,917,-7,rise,862,876,14,rise,"Nadaprabhu Kempegowda Station, Majestic (green/purple line)",Silk Institute (green line),Hotel swadeshi ,12.86729407,77.53540329,0.85,12,Work,Moti Mahal ,12.97809777,77.57750731,1.1,16,Work,11:32:00,Metro ,30,Walk ,10,0.5 to 1 km ,5,Walk ,10,0.5 to 1 km ,,For neither access nor egress trips ,,,No ,42,High crowding - All seats AND 50-75% of standing space occupied ,Male,,,Metro ,46-60 yrs ,Graduate,Business,,0,1,0,0,0,10,-1,2,2,1,4,2,2,4,1,1,1,2,2,1
36,872,850,-22,fall,898,913,15,mixed,Silk Institute (green line),Indiranagar (purple line),HAL sports club ,12.95820857,77.66953289,6.3,15,Other,"Shobha hill view, thalgatpura ",12.86428894,77.52128422,1.6,8,Home,12:10:00,Metro ,80,Bicycle ,8,1 km to 1.5 km ,5,Auto Rickshaw ,10,2.5 km to 3 km ,5,For access trip only ,,,Metro card ,0,No crowding  - 25-50% of seats occupied ,Male,,,Metro ,18-25 yrs ,12th,Student,,1,1,1,0,0,10,-1,8,1,1,1,3,6,1,1,2,5,3,4,1
39,901,887,-14,fall,920,935,-15,mixed,Pattandur Agrahara (purple line),Mahalakshmi (green line),Iskon temple,13.01042499,77.55106545,1.5,5,Social,"Ecc road,kadugudi",12.9765624,77.74101185,2.4,8,Home,11:30:00,Metro1 + Bus + Metro2 ,60,Auto Rickshaw ,5,2 km to 2.5 km ,2,Walk ,2,< 0.5 km ,,For access trip only ,2,2,No ,125,No crowding  - 25-50% of seats occupied ,Female,Not eligible ,Bus + Metro ,Bus and Metro ,18-25yrs ,Graduate,Employed,"50,001 – 1,00,000",0,0,0,0,0,10,-1,6,1,5,1,5,1,1,0,5,1,4,1,0
40,891,891,0,flat,914,914,0,flat,Thalaghattapura (green line),Mantri Square Sampige Road (green line),Mantri mall,12.99119275,77.57053854,0.2,1,Work,"Talagattapura,IKEA showroom ",13.04870167,77.49924895,0.24,4,Home,12:00:00,Metro ,35,Walk ,2,< 0.5 km ,10,Walk ,2,< 0.5 km ,,For neither access nor egress trips ,,,Metro card ,0,Low crowding - All seats AND up to 25% of standing space occupied ,Male,,,Metro ,26-35 yrs ,Postgraduate,Employed,"25,001 – 50,000",0,1,0,0,0,10,-1,2,1,1,2,1,1,4,1,1,1,1,1,1
41,877,892,15,rise,906,906,0,flat,Vajarahalli (green line),Konanakunte Cross (green line),Foram mall,12.88802514,77.5630454,0.45,6,Shopping,"Mallasandhra, holiday village road",12.85940139,77.54229088,2.4,10,Home,12:10:00,Metro ,10,Two-Wheeler ,10,1.5 km to 2 km ,5,Walk ,10,0.5 to 1 km ,,For both access and egress trips ,,,Metro card ,0,No crowding  - 25-50% of seats occupied ,Female,,,Metro ,18-25 yrs ,12th,Student,,0,1,0,0,0,10,-1,4,1,1,1,4,2,3,0,3,1,3,2,1
42,897,890,-7,fall,922,922,0,flat,Thalaghattapura (green line),South End Circle (green line),Ashoka pillar ,12.94384681,77.58514734,1.1,15,Other,"Vajarahalli, metro pillar no 251",12.87325322,77.54017128,0.55,8,Home,12:05:00,Metro ,40,Walk ,5,< 0.5 km ,4,Walk ,5,0.5 to 1 km ,,For both access and egress trips ,,,Metro card ,0,No crowding  - 25-50% of seats occupied ,Male,,,Metro ,36-45 yrs ,Graduate,Employed,>2 Lakhs,1,1,1,0,0,10,-1,8,1,1,3,1,2,3,1,1,1,1,2,1
43,902,902,0,flat,891,886,-5,fall,Chickpet (green line),Thalaghattapura (green line),Thalaghattapura near police station ,12.86917948,77.53624545,0.3,4,Home,"Chicpete, sunday bazar",12.96659533,77.57571965,0.25,4,Shopping,12:10:00,Metro ,25,Walk ,10,0.5 to 1 km ,0,Walk ,5,< 0.5 km ,,For neither access nor egress trips ,,,Metro card ,0,No crowding  - Most ,Female,,,Metro ,26-35 yrs ,Postgraduate,Employed,,1,2,0,0,0,10,-1,1,4,1,2,2,1,4,0,1,1,2,1,1
44,907,907,0,flat,924,922,-2,fall,Konanakunte Cross (green line),Mahatma Gandhi Road (purple line),"Brigade road ,Asics store",12.97386756,77.60772567,0.2,3,Work,"Doddakalasandra,hemavathi kalyana mantapa",12.88282528,77.55663049,1,3,Home,12:15:00,Metro ,60,Two-Wheeler ,5,< 0.5 km ,7,Walk ,10,0.5 to 1 km ,,For both access and egress trips ,,,Metro card ,0,Medium crowding - All seats AND 25-50% of standing space occupied ,Male,,,Metro ,26-35 yrs ,10th,Employed,"25,001 – 50,000",0,1,0,0,0,10,-1,2,1,1,2,1,2,3,1,3,1,1,2,1
47,907,907,0,flat,912,897,-15,fall,Jayaprakash Nagar (green line),Krishna Rajendra Market (green line),"KR Market, poorvika showroom ",12.9647906,77.57736108,0.6,8,Work,"JP nagar, ramakrishna nagar, near pillar no 71",12.90479778,77.57348043,0.3,5,Home,12:20:00,Metro ,20,Walk ,5,< 0.5 km ,8,Walk ,3,< 0.5 km ,,For both access and egress trips ,,,Metro card ,0,No crowding  - 50-75% of seats occupied ,Female,,,Metro ,18-25 yrs ,Graduate,Employed,>2 Lakhs,0,0,0,0,0,10,-1,2,1,1,1,1,1,3,0,1,1,1,1,0
48,904,904,0,hydrograph,863,869,6,rise,Jayaprakash Nagar (green line),Attiguppe (purple line),Attigeppe metro station near,12.95988459,77.52897793,0.7,10,Shopping,"6th phase , behind rayol school, jp nagar ",12.90041328,77.58564079,2.2,8,Home,11:45:00,Metro ,60,Auto Rickshaw ,30,2 km to 2.5 km ,2,Walk ,10,0.5 to 1 km ,,For neither access nor egress trips ,,,Metro card ,0,No crowding  - 50-75% of seats occupied ,Male,,,Metro ,> 60 yrs ,Graduate,Unemployed,"1,00,001 – 2,00,000",1,1,0,0,0,10,-1,4,1,1,5,5,2,4,1,5,1,4,2,1
50,908,915,7,mixed,887,891,-4,flat,Jayaprakash Nagar (green line),Nagasandra (green line),IKEA shopping mall nagasandra ,13.04873303,77.49924895,0.24,4,Shopping,Nihmans hospital ,12.94062015,77.59409846,6,22,Work,11:45:00,Metro ,60,Auto Rickshaw ,10,2.5 km to 3 km ,2,Walk ,5,0.5 to 1 km ,,For both access and egress trips ,,,Metro card ,50,Low crowding - All seats AND up to 25% of standing space occupied ,Male,,,Metro ,> 60 yrs ,Graduate,Unemployed,"25,001 – 50,000",0,0,0,0,0,10,-1,4,2,1,5,6,2,3,1,5,1,4,2,0
52,905,897,-8,hydrograph,891,891,0,flat,Jayaprakash Nagar (green line),Nagasandra (green line),"Ikea, nagasandra ",13.04873303,77.49924895,0.24,4,Shopping,"Dollars colony,  4th phase JP nagar",12.9050442,77.59846607,3,11,Home,12:30:00,Metro ,60,Auto Rickshaw ,15,2.5 km to 3 km ,4,Walk ,5,< 0.5 km ,,For neither access nor egress trips ,,,No ,57,Low crowding - All seats AND up to 25% of standing space occupied ,Female,,,Metro ,26-35 yrs ,Postgraduate,Employed,,0,0,1,0,0,10,-1,4,1,1,2,6,1,4,0,5,1,4,1,0
53,864,844,20,hydrograph,906,910,4,flat,Attiguppe (purple line),Konanakunte Cross (green line),"Konankunte,forum mall",12.88846883,77.56294532,0.26,4,Shopping,"Attigupe,nagabhavi circle",12.95917651,77.51821056,2.3,6,Home,12:15:00,Metro ,30,Two-Wheeler ,5,1 km to 1.5 km ,7,Walk ,3,< 0.5 km ,,For neither access nor egress trips ,,,Metro card ,0,Medium crowding - All seats AND 25-50% of standing space occupied ,Female,,,Metro ,26-35 yrs ,Postgraduate,Unemployed,,2,3,1,0,0,10,-1,4,1,1,2,3,1,4,0,3,1,3,1,1
54,887,877,-10,fall,925,921,-4,fall,"Sri Balagangadharanatha Swamiji Station, Hosahalli (purple line)","Sir.M.Visvesvaraya Stn., Central College (purple line)",central,12.97600794,77.58612659,0.22,3,Other,Vasavi college balagangadhara,12.97352873,77.54299447,0.35,4,Other,12:40:00,Metro ,15,Walk ,10,0.5 to 1 km ,5,Walk ,10,0.5 to 1 km ,,For neither access nor egress trips ,,,Metro card ,0,Medium crowding - All seats AND 25-50% of standing space occupied ,Male,,,Bus and Metro ,18-25 yrs ,Trade,Student,,0,0,0,0,0,10,-1,8,8,1,1,2,2,4,1,1,1,2,2,0
55,925,925,0,mixed,900,814,-84,mixed,Rashtreeya Vidyalaya Road (green line),Yeshwanthpur (green line),"Tumkur, Saraswathi purum",13.33252894,77.09525051,64.5,71,Home,"Time institute, jaynagar branch ",12.91462608,77.58557536,1.3,19,School,12:10:00,Metro ,180,Walk ,20,2 km to 2.5 km ,5,They will travel by normal train in yeshwantpur ,120,> 5 km ,0,For access trip only ,,,Other type of pass ,0,Medium crowding - All seats AND 25-50% of standing space occupied ,Male,,,Metro ,26-35 yrs ,Graduate,Student,>2 Lakhs,1,2,0,0,0,10,-1,1,3,1,2,5,11,1,1,1,11,4,5,1
56,915,920,5,hydrograph,890,895,5,hydrograph,Srirampura (green line),Nagasandra (green line),"Ramaiah layout, 1st cross , near nagasandra metro station ",13.05234458,77.50214098,0.75,11,Home,"R T nagar, shanthisagar hotel near ",13.02441367,77.5924761,7.2,30,Friend,12:05:00,Metro ,60,Auto Rickshaw ,30,2.5 km to 3 km ,2,Two-Wheeler ,5,0.5 to 1 km ,,For access trip only ,,,Metro card ,0,Medium crowding - All seats AND 25-50% of standing space occupied ,Male,,,Metro ,36-45 yrs ,12th,Employed,"25,001 – 50,000",0,1,0,0,0,10,-1,1,7,1,3,6,2,1,1,5,3,4,2,1
57,820,820,0,flat,920,912,-8,hydrograph,Pantharapalya - Nayandahalli (purple line),Mahatma Gandhi Road (purple line),Commercial Street ,12.98250056,77.60832989,2.4,15,Shopping,"Nayandahalli,divinity mall",12.94060864,77.52505873,1,15,Home,12:15:00,Metro ,20,Walk ,2,< 0.5 km ,5,Ola/Uber car ,15,1.5 km to 2 km ,4,For egress trip only ,,,No ,80,No crowding - Less than 25% of seats occupied ,Female,,,Metro ,18-25 yrs ,Postgraduate,Student,,0,2,0,0,0,10,-1,4,1,1,1,1,4,2,0,1,6,1,3,1
59,936,936,0,flat,894,874,-20,fall,Jayanagar (green line),Vajarahalli (green line),Karishma hills vajrahalli,12.88804032,77.53433659,2.3,6,Home,Allen jayanagar,12.93354837,77.58357216,0.8,11,School,13:30:00,Metro ,20,Walk ,5,< 0.5 km ,2,Car ,5,0.5 to 1 km ,,For both access and egress trips ,,,Metro card ,0,Medium crowding - All seats AND 25-50% of standing space occupied ,Male,,,Metro ,18-25 yrs ,10th,Student,,1,0,1,0,0,10,-1,1,3,1,1,1,2,3,1,1,4,1,2,1
63,862,862,0,flat,931,931,0,mixed,Silk Institute (green line),Jalahalli (green line),Yellahanka near mother diary,13.08304029,77.54807718,7.6,20,Friend,Art of living ashram sil imstitute,12.82866465,77.51179524,5,15,Home,14:20:00,Metro ,70,Car ,15,4 km to 4.5 km ,5,Car ,20,> 5 km ,,For neither access nor egress trips ,,,Metro card ,0,Medium crowding - All seats AND 25-50% of standing space occupied ,Male,,,Metro ,> 60 yrs ,Graduate,Unemployed,"1,00,001 – 2,00,000",0,0,0,0,0,10,-1,7,1,1,5,9,11,4,1,4,4,5,5,0
68,897,897,0,flat,911,914,3,flat,Nagasandra (green line),"Nadaprabhu Kempegowda Station, Majestic (green/purple line)",Majestic market ,12.97574172,77.57571403,0.4,6,Shopping,"Nelamangala,dasanpura,lt college ",13.0940097,77.41001127,12.3,35,School,14:00:00,Metro ,120,Auto Rickshaw ,60,> 5 km ,5,Walk ,5,0.5 to 1 km ,,For neither access nor egress trips ,,,Metro card ,250,High crowding - All seats AND 50-75% of standing space occupied ,Male,,,Metro ,18-25 yrs ,12th,Student,"25,001 – 50,000",0,0,0,0,0,10,-1,4,3,1,1,11,2,4,1,5,1,5,2,0
69,901,919,18,rise,917,917,0,flat,Trinity (purple line),Lalbagh (green line),"Lalbag, near kamath",12.94925004,77.57981626,0.3,5,Home,Ulsur lake,12.98466169,77.61826213,2,25,Shopping,14:00:00,Metro ,40,Walk ,25,1.5 km to 2 km ,5,Walk ,15,0.5 to 1 km ,,For both access and egress trips ,,,No ,30,Very high crowding - All seats AND most standing space occupied ,Female,,,Metro ,18-25 yrs ,Graduate,Student,,1,1,1,0,0,10,-1,1,4,1,1,4,2,3,0,1,1,3,2,1
70,901,901,0,flat,918,918,0,flat,Mantri Square Sampige Road (green line),Baiyappanahalli (purple line),"CV Raman nagar,",12.97936376,77.66563766,3,10,Home,Mantri square,12.99164698,77.57116804,0.3,4,Shopping,15:05:00,Metro ,30,Walk ,0,< 0.5 km ,7,Two-Wheeler ,10,2 km to 2.5 km ,,For egress trip only ,,,Metro card ,0,Very high crowding - All seats AND most standing space occupied ,Female,,,Metro ,26-35 yrs ,Graduate,Employed,,0,1,0,0,0,10,-1,1,4,1,2,1,5,2,0,1,3,1,4,1
71,927,907,-20,fall,924,924,0,flat,National College (green line),Mahatma Gandhi Road (purple line),Mg road church street,12.9743463,77.60869722,0.3,5,Shopping,Baswangudi doddaganapathi temple,12.94070478,77.57467309,1.3,6,Home,02:30:00,Metro ,30,Dropped-off by friends/others ,10,1.5 km to 2 km ,5,Walk ,5,0.5 to 1 km ,,For neither access nor egress trips ,,,Metro card ,0,High crowding - All seats AND 50-75% of standing space occupied ,Female,,,Metro ,18-25 yrs ,Graduate,Employed,,1,2,1,0,0,10,-1,4,1,1,1,4,2,4,0,8,1,3,2,1
72,910,910,0,parabola ,892,892,0,flat,Krishna Rajendra Market (green line),Vajarahalli (green line),"Bajali layout, vajarahalli ",12.87415235,77.54009895,0.65,9,Home,Kr market ,12.96564535,77.57747245,1,16,Work,14:50:00,Metro ,20,Walk ,10,0.5 to 1 km ,6,Walk ,5,< 0.5 km ,,For egress trip only ,,,No ,30,Medium crowding - All seats AND 25-50% of standing space occupied ,Male,,,Metro ,46-60 yrs ,10th,Employed,"25,001 – 50,000",0,2,0,0,0,10,-1,1,2,1,4,2,1,2,1,1,1,2,1,1
75,944,944,0,flat,896,916,20,rise,"Nadaprabhu Kempegowda Station, Majestic (green/purple line)",Doddakallasandra (green line),"Gokulam , dhodakalsandhra",12.88895179,77.55231977,0.55,9,Home,"RT nagar, near ganesha temple, snow city",13.01005659,77.59261889,7.9,40,Friend,14:15:00,Metro ,120,Auto Rickshaw ,60,> 5 km ,10,Walk ,5,< 0.5 km ,,For neither access nor egress trips ,,,No ,235,No crowding  - Most ,Female,,,Metro ,36-45 yrs ,Graduate,Employed,"25,001 – 50,000",1,1,0,0,0,10,-1,1,7,1,3,11,1,4,0,5,1,5,1,1
76,923,930,7,rise,862,862,0,mixed,Jayanagar (green line),Silk Institute (green line),Kaglipura Village ,12.80160161,77.5169957,10.5,20,Home,"Jaynagar,4th block ",12.92593994,77.58327554,0.65,9,Shopping,15:00:00,Metro ,45,Walk ,10,1 km to 1.5 km ,2,Two-Wheeler ,20,> 5 km ,,For egress trip only ,,,No ,30,Low crowding - All seats AND up to 25% of standing space occupied ,Male,,,Metro ,46-60 yrs ,12th,Employed,"25,001 – 50,000",0,1,0,0,0,10,-1,1,4,1,4,3,11,2,1,1,3,3,5,1
77,920,920,0,hydrograph,926,915,-11,fall,South End Circle (green line),"Sir.M.Visvesvaraya Stn., Central College (purple line)","Avenue road, sudharshan silk ",12.96926387,77.57667887,1,14,Home,"Southend circle,Starbucks ",12.92458689,77.58661517,1.7,24,Other,11:45:00,Metro ,25,Walk ,10,0.5 to 1 km ,4,Walk ,10,0.5 to 1 km ,,For both access and egress trips ,,,Metro card ,0,High crowding - All seats AND 50-75% of standing space occupied ,Female,,,Metro ,18-25 yrs ,12th,Student,,1,2,1,0,0,10,-1,1,8,1,1,2,2,3,0,1,1,2,2,1
78,757,861,104,rise,912,897,-15,fall,Silk Institute (green line),Krishna Rajendra Market (green line),K R market ,12.96454984,77.57691145,0.55,7,Shopping,"Brigade medows ,art of living, shivshankar guruji ashram near",12.81253398,77.50079246,8.1,20,Home,15:30:00,Metro ,60,Two-Wheeler ,10,3.5 km to 4 km ,2,Walk ,5,< 0.5 km ,,For neither access nor egress trips ,,,No ,36,No crowding  - 25-50% of seats occupied ,Male,,,Metro ,26-35 yrs ,Graduate,Employed,>2 Lakhs,2,4,2,0,0,10,-1,4,1,1,2,8,1,4,1,3,1,4,1,1
79,894,894,0,flat,906,910,-4,flat,Vajarahalli (green line),Konanakunte Cross (green line),Forum mall konanakunte cross ,12.88845314,77.56313198,0.26,4,Shopping,"Vajarahalli,caeser place",12.87833048,77.54634401,0.45,6,Home,15:45:00,Metro ,20,Walk ,5,< 0.5 km ,5,Walk ,5,< 0.5 km ,,For neither access nor egress trips ,,,Metro card ,0,Low crowding - All seats AND up to 25% of standing space occupied ,Male,,,Metro ,26-35 yrs ,Graduate,Employed,"25,001 – 50,000",0,1,0,0,0,10,-1,4,1,1,2,1,1,4,1,1,1,1,1,1
82,894,894,0,flat,925,912,-13,fall,Doddakallasandra (green line),Cubbon Park (purple line),"Cubban park , commercial Street ",12.98254958,77.60829128,1.9,8,Shopping,"Dhodakalasandra, near hill side college ",12.88344043,77.5458194,0.7,10,Home,15:30:00,Metro ,35,Walk ,15,0.5 to 1 km ,2,Auto Rickshaw ,5,1.5 km to 2 km ,5,For egress trip only ,,,Metro card ,50,No crowding  - 50-75% of seats occupied ,Female,,,Metro ,18-25 yrs ,12th,Student,,0,1,0,0,0,10,-1,4,1,1,1,2,4,2,0,1,5,2,3,1
89,939,939,0,flat,924,924,0,flat,Sandal Soap Factory (green line),Mahatma Gandhi Road (purple line),Mg road,12.97476507,77.6092193,0.4,6,Shopping,Shivajinagar bus stop,12.98513976,77.60552937,8.5,25,Home,15:45:00,Metro ,30,Auto Rickshaw ,15,3.5 km to 4 km ,5,Walk ,4,< 0.5 km ,,For neither access nor egress trips ,,,Metro card ,100,High crowding - All seats AND 50-75% of standing space occupied ,Female,,,Metro ,18-25 yrs ,Graduate,Student,,0,0,0,0,0,10,-1,4,1,1,1,8,1,4,0,5,1,4,1,0
90,917,917,0,flat,940,925,-15,mixed,Lalbagh (green line),Rajajinagar (green line),"Kumarakrupa, igrounds , near Lalitha Ashok hotel ",12.99235945,77.58033216,5.2,15,Work,Lalbagh ,12.94838303,77.58004083,0.23,3,Work,16:07:00,Metro ,20,Walk ,5,< 0.5 km ,5,Two-Wheeler ,15,2.5 km to 3 km ,,For neither access nor egress trips ,,,Metro card ,0,High crowding - All seats AND 50-75% of standing space occupied ,Male,,,Metro ,36-45 yrs ,Graduate,Employed,,1,1,0,0,0,10,-1,2,2,1,3,1,6,4,1,1,3,1,4,1
91,901,901,0,flat,924,922,-2,flat,Mantri Square Sampige Road (green line),Mahatma Gandhi Road (purple line),Mg road church street,12.97433577,77.60771133,0.3,5,Shopping,Mantri square ,12.99164698,77.57116804,0.3,4,Shopping,16:15:00,Metro ,20,Walk ,3,< 0.5 km ,0,Walk ,3,< 0.5 km ,,For neither access nor egress trips ,,,No ,19,No crowding  - Most ,Female,,,Metro ,18-25 yrs ,Graduate,Employed,,1,0,0,0,0,10,-1,4,4,1,1,1,1,4,0,1,1,1,1,1
92,876,915,39,rise,880,868,-12,fall,National College (green line),Nagasandra (green line),"Jindal, anchepalya near",13.05402152,77.48929447,2.2,33,Other,"Girinagar , 50feet road, 17th main",12.94353152,77.54813964,3.7,11,Home,15:50:00,Metro ,50,Two-Wheeler ,15,2.5 km to 3 km ,7,Walk ,20,3.5 km to 4 km ,,For egress trip only ,,,Metro card ,0,Medium crowding - All seats AND 25-50% of standing space occupied ,Male,,,Metro ,36-45 yrs ,Postgraduate,Employed,"50,001 – 1,00,000",0,1,1,0,0,10,-1,8,1,1,3,6,8,2,1,3,1,4,4,1
94,901,901,0,flat,912,891,-21,fall,Jalahalli (green line),"Nadaprabhu Kempegowda Station, Majestic (green/purple line)",Lulu mall,12.98184414,77.56256214,1.7,24,Shopping,"Jalahalli,near Prabhu bar and restaurant ",13.03924201,77.51773068,0.3,6,Home,16:40:00,Metro ,30,Walk ,7,< 0.5 km ,6,Walk ,10,0.5 to 1 km ,,For neither access nor egress trips ,,,No ,34,Medium crowding - All seats AND 25-50% of standing space occupied ,Male,,,Metro ,18-25 yrs ,Postgraduate,Student,"10,001 – 25,000",0,0,0,0,0,10,-1,4,1,1,1,1,2,4,1,1,1,1,2,0
96,898,898,0,hydrograph,914,914,0,flat,Jalahalli (green line),Mantri Square Sampige Road (green line),Mantri square ,12.99119275,77.57053854,0.2,1,Shopping,Shettyhalli,13.06190906,77.5174724,3.8,15,Home,16:30:00,Metro ,50,Auto Rickshaw ,15,1 km to 1.5 km ,7,Walk ,0,< 0.5 km ,,For egress trip only ,,,No ,110,High crowding - All seats AND 50-75% of standing space occupied ,Female,,,Metro ,18-25 yrs ,Graduate,Employed,"50,001 – 1,00,000",0,2,0,0,0,10,-1,4,1,1,1,3,1,2,0,5,1,3,1,1
99,917,917,0,flat,922,901,-19,fall,Jalahalli (green line),South End Circle (green line),"Wilson garden , near nimans",12.94831728,77.59997224,3,9,Home,"Peenya, 2nd stage",13.01494393,77.48793804,7.3,18,School,16:20:00,Metro ,60,Auto Rickshaw ,15,> 5 km ,8,Auto Rickshaw ,15,> 5 km ,5,For neither access nor egress trips ,,,Metro card ,0,Medium crowding - All seats AND 25-50% of standing space occupied ,Male,,,Metro ,18-25 yrs ,12th,Student,"50,001 – 1,00,000",0,0,1,0,0,10,-1,1,3,1,1,11,11,4,1,5,5,5,5,0
100,920,925,5,rise,824,824,0,flat,"Nadaprabhu Kempegowda Station, Majestic (green/purple line)",Mysore Road (purple line),Kengeri anchepalya,12.8915447,77.45798216,15.5,32,Work,Chimnaswamy Majestic ,12.97952206,77.59959585,12,4.6,Friend,16:15:00,Metro ,60,Auto Rickshaw ,12,2.5 km to 3 km ,5,Auto Rickshaw ,5,3 km to 3.5 km ,4,For neither access nor egress trips ,,,Metro card ,300,High crowding - All seats AND 50-75% of standing space occupied ,Female,,,Metro ,18-25 yrs ,Graduate,Employed,,0,0,0,0,0,10,-1,2,7,1,1,6,7,4,0,5,5,4,4,0
101,905,905,0,mixed,912,897,-15,fall,Jalahalli (green line),Krishna Rajendra Market (green line),"Chamrajpet,kr market ",12.96454984,77.57691145,0.55,7,Home,"Peenya,Balaji nagar,",13.01694885,77.49424641,5.7,19,School,16:45:00,Metro ,60,Auto Rickshaw ,15,4 km to 4.5 km ,6,Walk ,10,< 0.5 km ,,For both access and egress trips ,,,Metro card ,60,Low crowding - All seats AND up to 25% of standing space occupied ,Male,,,Metro ,26-35 yrs ,Doctorate,Employed,>2 Lakhs,0,1,1,0,0,10,-1,1,3,1,2,9,1,3,1,5,1,5,1,1
104,917,898,-19,fall,925,880,-45,fall,Jalahalli (green line),Rajajinagar (green line),"Rajajinagar, basaveshwara nagar,Lulu mall ",12.98184454,77.56356047,5.1,14,Friend,"Jalahalli cross, vaishnavi rathnam apartment ",13.04330325,77.51908212,0.55,8,Home,17:00:00,Metro ,30,Walk ,5,< 0.5 km ,6,Auto Rickshaw ,10,1.5 km to 2 km ,5,For egress trip only ,,,Metro card ,50,Medium crowding - All seats AND 25-50% of standing space occupied ,Male,,,Metro ,26-35 yrs ,Graduate,Employed,>2 Lakhs,1,2,0,0,0,10,-1,7,1,1,2,1,4,2,1,1,5,1,3,1
105,898,901,3,flat,929,936,-7,rise,Jalahalli (green line),Jayanagar (green line),BDS complex ,12.93017381,77.58408681,0.65,10,Shopping,Jalahalli cross bus stop,13.04012546,77.51779753,0.23,5,Other,17:15:00,Metro ,45,Walk ,10,0.5 to 1 km ,6,Walk ,5,< 0.5 km ,,For both access and egress trips ,,,No ,45,Medium crowding - All seats AND 25-50% of standing space occupied ,Female,,,Metro ,18-25 yrs ,Graduate,Employed,,1,1,1,0,0,10,-1,4,8,1,1,2,1,3,0,1,1,2,1,1
108,919,914,-5,fall,926,908,-18,fall,Yeshwanthpur (green line),Cubbon Park (purple line),"Cubbon park,idc",12.9659556,77.59314355,1.9,20,Friend,"Yeshwantpur,govardhan theatre ",13.02194636,77.55139542,0.17,3,Home,17:00:00,Metro ,60,Walk ,10,0.5 to 1 km ,5,Auto Rickshaw ,20,1.5 km to 2 km ,4,For both access and egress trips ,,,Metro card ,80,No crowding - Less than 25% of seats occupied ,Female,,,Metro ,26-35 yrs ,Postgraduate,Employed,,0,1,0,0,0,10,-1,7,1,1,2,2,4,3,0,1,5,2,3,1
109,898,909,11,rise,876,880,4,rise,Jalahalli (green line),"Sri Balagangadharanatha Swamiji Station, Hosahalli (purple line)","Hosahalli , vijaynagar 2nd cross",12.97633633,77.54530525,0.3,4,Home,"Peenya , near Peenya industry police station ",13.03605313,77.52169995,0.8,13,Friend,17:30:00,Metro ,30,Walk ,10,0.5 to 1 km ,6,Walk ,5,< 0.5 km ,,For neither access nor egress trips ,,,No ,38,Medium crowding - All seats AND 25-50% of standing space occupied ,Male,,,Metro ,18-25 yrs ,Graduate,Employed,"25,001 – 50,000",0,0,0,0,0,10,-1,1,7,1,1,2,1,4,1,1,1,2,1,0
111,901,898,-3,flat,921,928,7,rise,Jalahalli (green line),South End Circle (green line),"South end circle,madhavan park",12.93623547,77.58633012,0.75,11,Home,Jalahalli cross (sira),13.04048515,77.51900021,0.2,3,Work,17:50:00,Metro ,40,Walk ,5,< 0.5 km ,8,Walk ,10,0.5 to 1 km ,,For neither access nor egress trips ,,,No ,42,High crowding - All seats AND 50-75% of standing space occupied ,Male,,,Bus and Metro ,26-35 yrs ,Graduate,Employed,"25,001 – 50,000",1,2,0,0,0,10,-1,1,2,1,2,1,2,4,1,1,1,1,2,1
115,868,880,12,mixed,925,920,-5,fall,Nagasandra (green line),Rajajinagar (green line),"Akash coaching centre, rajajinagar",12.99994564,77.55035451,0.12,3,School,Prestige appartment in nagasandra ,13.05258118,77.49092008,1.9,5,Home,08:35:00,Metro ,60,Two-Wheeler ,6,4.5 km to 5 km ,3,Walk ,3,< 0.5 km ,,For access trip only ,,,Metro card ,0,High crowding - All seats AND 50-75% of standing space occupied ,Female,,,Metro ,18-25 yrs ,10th,Student,"1,00,001 – 2,00,000",1,2,1,0,0,10,-1,3,1,1,1,10,1,1,0,3,1,5,1,1
116,880,885,5,rise,900,896,-4,hydrograph,Nagasandra (green line),Indiranagar (purple line),"Dommalor,80 feet road ",12.97266302,77.64833193,1.6,21,Work,"Soundarya layout, nagasandra, Jindal ",13.0661595,77.49425133,2.7,8,Home,08:20:00,Metro ,50,Two-Wheeler ,10,2.5 km to 3 km ,7,Walk ,20,2.5 km to 3 km ,,For neither access nor egress trips ,,,Metro card ,0,High crowding - All seats AND 50-75% of standing space occupied ,Male,,,Metro ,18-25 yrs ,Graduate,Employed,"25,001 – 50,000",1,1,0,0,0,10,-1,2,1,1,1,6,6,4,1,3,1,4,4,1
117,885,890,10,mixed,906,910,4,rise,Nagasandra (green line),National College (green line),National college ,12.94872592,77.57313319,0.35,5,School,"Nagasandra, chikkabanavara,Ashoka theatre ",13.08076808,77.49862915,5.8,16,Home,08:10:00,Metro ,70,Dropped-off by friends/others ,20,> 5 km ,4,Walk ,20,2.5 km to 3 km ,,For both access and egress trips ,,,No ,0,Medium crowding - All seats AND 25-50% of standing space occupied ,Male,,,Metro ,18-25 yrs ,12th,Student,"10,001 – 25,000",0,1,1,0,0,10,-1,3,1,1,1,11,6,3,1,8,1,5,4,1
120,928,928,0,flat,905,883,-22,fall,Peenya (green line),Jayaprakash Nagar (green line),"Kathriguppe,brand factory ",12.92415371,77.54842907,3.5,10,Work,"Thindli, Narayana hospital ",13.01209024,77.54889992,4.6,20,Home,20:00:00,Metro ,60,Dropped-off by friends/others ,20,> 5 km ,5,Auto Rickshaw ,10,2.5 km to 3 km ,5,For both access and egress trips ,,,No ,110,High crowding - All seats AND 50-75% of standing space occupied ,Male,,,Metro ,26-35 yrs ,Graduate,Employed,"50,001 – 1,00,000",0,2,0,0,0,10,-1,2,1,1,2,11,6,3,1,8,5,5,4,1
122,931,931,0,flat,887,887,0,flat,Jayanagar (green line),Nagasandra (green line),Prakriya hospital,13.04585054,77.50721956,0.75,10,Social,Btm first stage,12.92054219,77.61041218,4.9,20,Home,09:00:00,Metro ,70,Two-Wheeler ,20,4.5 km to 5 km ,2,Walk ,5,< 0.5 km ,,For egress trip only ,,,Metro card ,0,No crowding  - 25-50% of seats occupied ,Male,,,Metro ,18-25 yrs ,Graduate,Employed,"1,00,001 – 2,00,000",0,1,0,0,0,10,-1,6,1,1,1,10,1,2,1,3,1,5,1,1
123,861,855,-7,fall,924,922,-2,flat,Silk Institute (green line),Mahatma Gandhi Road (purple line),"Church Street,bowring institute ",12.97433577,77.60771133,0.3,5,Work,"Kanakapura road, brigade meadows ",12.81348341,77.50834661,9.5,20,Home,09:20:00,Metro ,80,Car ,20,3.5 km to 4 km ,2,Walk ,5,< 0.5 km ,,For access trip only ,,,No ,0,Medium crowding - All seats AND 25-50% of standing space occupied ,Male,,,Metro ,26-35 yrs ,Postgraduate,Employed,"50,001 – 1,00,000",1,0,1,0,0,10,-1,2,1,1,2,8,1,1,1,4,1,4,1,1
124,855,861,6,rise,928,928,0,flat,Silk Institute (green line),Jalahalli (green line),"Near Carry foods, Jalahalli ",13.04342975,77.54839471,4.7,15,Friend,"Kagalupura, near ganapati temple ",12.80267648,77.50492099,8.3,15,Home,09:30:00,Metro ,60,Two-Wheeler ,15,4.5 km to 5 km ,0,Auto Rickshaw ,15,4.5 km to 5 km ,5,For neither access nor egress trips ,,,Mobility card ,100,No crowding  - 50-75% of seats occupied ,Female,,,Metro ,26-35 yrs ,10th,Daily,"25,001 – 50,000",0,2,0,0,0,10,-1,7,1,1,2,10,10,4,0,3,5,5,5,1
125,905,920,15,rise,915,902,-13,fall,South End Circle (green line),Goraguntepalya (green line),TExport overseas gurukuntepalya,13.0241656,77.53962459,0.65,8,Work,Tr nagar south end circle ,12.9311588,77.56644618,2,30,Home,09:34:00,Metro ,40,Walk ,5,0.5 to 1 km ,2,Walk ,5,0.5 to 1 km ,,For both access and egress trips ,,,Metro card ,0,No crowding  - 50-75% of seats occupied ,Male,,,Metro ,46-60 yrs ,Graduate,Employed,"50,001 – 1,00,000",1,2,1,0,0,10,-1,2,1,1,4,2,2,3,1,1,1,2,2,1
126,906,896,-10,mixed,925,925,0,fall,Baiyappanahalli (purple line),"Sir.M.Visvesvaraya Stn., Central College (purple line)",Commissioner office ,12.97182453,77.58511713,0.65,9,Work,Bayappanahalli kalkere,13.03355074,77.67735664,6.7,25,Home,09:15:00,Metro ,60,Auto Rickshaw ,25,> 5 km ,3,Walk ,10,0.5 to 1 km ,,For both access and egress trips ,,,Mobility card ,220,No crowding  - 50-75% of seats occupied ,Female,,,Metro ,36-45 yrs ,Postgraduate,Employed,"50,001 – 1,00,000",1,2,1,0,0,10,-1,2,1,1,3,11,2,3,0,5,1,5,2,1
128,906,905,-1,flat,936,936,0,flat,Swami Vivekananda Road (purple line),"Dr. B. R. Ambedkar Station, Vidhana Soudha (purple line)",Vidhanasudha ,12.9796736,77.58969987,0.35,5,Other,CV raman hospital ,12.98269939,77.64498784,0.55,7,Work,10:00:00,Metro ,23,Walk ,5,< 0.5 km ,3,Walk ,7,0.5 to 1 km ,,For neither access nor egress trips ,,,Metro card ,0,High crowding - All seats AND 50-75% of standing space occupied ,Female,,,Metro ,26-35 yrs ,Graduate,Employed,,3,0,0,0,0,10,-1,8,2,1,2,1,2,4,0,1,1,1,2,1
130,903,903,0,flat,930,923,-7,fall,Indiranagar (purple line),Jayanagar (green line),Jayanagar 4th block,12.92592249,77.58328262,0.65,9,Work,Indiranagar cmh road,12.97831402,77.63755501,0.046,1,Home,10:00:00,Metro ,60,Walk ,5,< 0.5 km ,5,Walk ,13,0.5 to 1 km ,,For neither access nor egress trips ,,,Metro card ,0,Medium crowding - All seats AND 25-50% of standing space occupied ,Female,,,Metro ,26-35 yrs ,Postgraduate,Employed,,1,1,0,0,0,10,-1,2,1,1,2,1,2,4,0,1,1,1,2,1
131,900,900,0,mixed,913,913,0,flat,Jayaprakash Nagar (green line),Goraguntepalya (green line),"Gorguntepalaya,sparsh hospital ",13.02772862,77.54318984,0.2,3,Work,"JP nagar,billekahalli",12.89830056,77.60791617,4.5,15,Friend,09:40:00,Metro ,40,Two-Wheeler ,15,2.5 km to 3 km ,1,Walk ,15,0.5 to 1 km ,,For neither access nor egress trips ,,,No ,45,Medium crowding - All seats AND 25-50% of standing space occupied ,Male,,,Metro ,18-25 yrs ,Graduate,Employed,"10,001 – 25,000",0,1,0,0,0,10,-1,2,7,1,1,6,2,4,1,3,1,4,2,1
132,900,871,-29,fall,922,922,0,flat,Indiranagar (purple line),Jalahalli (green line),Peeny industry third phase,13.0231045,77.51418199,2.6,10,Work,Marathahalli yashumathi hospital,12.95295547,77.71799984,10.8,45,Home,08:30:00,Metro ,120,Car ,45,> 5 km ,4,Auto Rickshaw ,10,0.5 to 1 km ,0,For neither access nor egress trips ,,,Metro card ,70,No crowding  - 50-75% of seats occupied ,Male,,,Metro ,46-60 yrs ,Postgraduate,Employed,"1,00,001 – 2,00,000",1,1,1,0,0,10,-1,2,1,1,4,11,2,4,1,4,5,5,2,1
136,925,921,-4,fall,814,814,0,mixed,"Sir.M.Visvesvaraya Stn., Central College (purple line)",Pantharapalya - Nayandahalli (purple line),"Nayandahalli,Anjani pharma ",12.93822479,77.52818504,1.4,21,Work,"Central college ,Chickpete",12.97583021,77.58560088,0.22,3,Work,10:15:00,Metro ,20,Walk ,10,0.5 to 1 km ,5,Walk ,15,0.5 to 1 km ,,For neither access nor egress trips ,,,Metro card ,0,No crowding - Less than 25% of seats occupied ,Female,,,Metro ,26-35 yrs ,Graduate,Employed,,0,1,0,0,0,10,-1,2,2,1,2,2,2,4,0,1,1,2,2,1
138,915,925,10,rise,891,891,0,flat,Rajajinagar (green line),Nagasandra (green line),"Near ikea,nagasandra ",13.04858063,77.49891364,0.11,1,Home,KLE collage ,12.99528252,77.55388168,0.8,12,School,10:00:00,Metro ,60,Walk ,5,< 0.5 km ,5,Walk ,10,0.5 to 1 km ,,For neither access nor egress trips ,,,Metro card ,0,High crowding - All seats AND 50-75% of standing space occupied ,Male,,,Metro ,18-25 yrs ,12th,Student,,1,1,0,0,0,10,-1,1,3,1,1,1,2,4,1,1,1,1,2,1
139,901,901,0,flat,905,905,0,hydrograph,Nagasandra (green line),Yelachenahalli (green line),HSBC office futura four,12.89276431,77.60040236,3.9,55,Work,Widya school nagasandra,13.05020874,77.50241911,0.45,7,Home,10:30:00,Metro ,80,Walk ,10,< 0.5 km ,7,Walk ,20,3 km to 3.5 km ,,For neither access nor egress trips ,,,Metro card ,0,No crowding  - 25-50% of seats occupied ,Male,,,Metro ,26-35 yrs ,Graduate,Employed,>2 Lakhs,1,1,0,0,0,10,-1,2,1,1,2,1,7,4,1,1,1,1,4,1
142,764,762,-2,fall,900,895,-5,hydrograph,Kengeri (purple line),Indiranagar (purple line),"Taco street,hal 3rd stage ",12.97111422,77.64927892,1.8,6,Home,Rajarajeswari hospital,12.89624495,77.4650566,2.2,6,Work,10:30:00,Metro ,75,Auto Rickshaw ,10,2 km to 2.5 km ,6,Auto Rickshaw ,5,1 km to 1.5 km ,4,For both access and egress trips ,,,No ,150,No crowding - Less than 25% of seats occupied ,Female,,,Metro ,26-35 yrs ,Graduate,Student,"1,00,001 – 2,00,000",0,0,0,0,0,10,-1,1,2,1,2,5,3,3,0,5,5,4,3,0
144,914,897,-17,fall,909,889,-20,fall,Mantri Square Sampige Road (green line),Indiranagar (purple line),Texas review,12.96531032,77.64318123,1.7,23,Work,8th cross malleshwaram ,12.9990549,77.57303154,1.8,6,Home,11:00:00,Metro ,30,Dropped-off by friends/others ,5,0.5 to 1 km ,10,Walk ,15,1.5 km to 2 km ,,For neither access nor egress trips ,,,No ,30,No crowding  - 50-75% of seats occupied ,Female,,,Metro ,18-25 yrs ,Graduate,Student,,1,1,1,0,0,10,-1,2,1,1,1,2,4,4,0,8,1,2,3,1
145,892,892,0,flat,924,922,-2,flat,Nagasandra (green line),Mahatma Gandhi Road (purple line),Mg road church street,12.97433577,77.60771133,0.3,5,School,Nagsandra ikea ,13.04857017,77.4990102,0.11,1,Home,10:30:00,Metro ,60,Walk ,5,< 0.5 km ,5,Walk ,7,0.5 to 1 km ,,For neither access nor egress trips ,,,Metro card ,0,High crowding - All seats AND 50-75% of standing space occupied ,Female,,,Metro ,18-25 yrs ,12th,Student,,2,1,0,0,0,10,-1,3,1,1,1,1,2,4,0,1,1,1,2,1
147,913,907,-6,fall,919,911,-8,fall,National College (green line),Trinity (purple line),Tinge cosmetics trinity,12.97706613,77.6181667,1,15,Other,Jain college vasvi road,12.94965815,77.57724237,0.5,7,School,11:05:00,Metro ,30,Walk ,15,0.5 to 1 km ,1,Walk ,15,0.5 to 1 km ,,For both access and egress trips ,,,Metro card ,0,High crowding - All seats AND 50-75% of standing space occupied ,Female,,,Metro ,18-25 yrs ,Graduate,Student,,1,2,0,0,0,10,-1,8,3,1,1,2,2,3,0,1,1,2,2,1
151,897,897,0,flat,781,800,19,rise,Nagasandra (green line),Kengeri (purple line),Acs college kengeri,12.89150155,77.46353247,3.2,44,School,Jindal aluminium limited nagasandra ,13.05486652,77.48309124,2.4,38,Home,11:20:00,Metro ,120,Walk ,20,1 km to 1.5 km ,5,Walk ,30,2 km to 2.5 km ,,For both access and egress trips ,,,Metro card ,0,Very high crowding - All seats AND most standing space occupied ,Male,,,Metro ,18-25 yrs ,Graduate,Student,>2 Lakhs,1,2,0,0,0,10,-1,3,1,1,1,3,5,3,1,1,1,3,4,1
152,922,900,-22,fall,937,937,0,flat,Lalbagh (green line),Nagasandra (green line),"Dabasspete, sompura industrial area ",13.22307559,77.30016126,37.1,47,Work,"Madivala,near aiyappa temple ",,,7,20,Home,10:10:00,Metro ,160,Ola/Uber car ,20,> 5 km ,5,Two-Wheeler ,45,> 5 km ,,For neither access nor egress trips ,,,No ,90,No crowding  - Most ,Male,,,Metro ,36-45 yrs ,Graduate,Employed,"50,001 – 1,00,000",0,1,0,0,0,10,-1,2,1,1,3,11,11,4,1,6,3,5,5,1
153,898,901,3,rise,912,904,-8,fall,Jalahalli (green line),Krishna Rajendra Market (green line),"Victoria hospital,  KR Market ",12.96430147,77.57607933,0.55,7,Other,Jalahalli cross bus stop (chalkere),13.03856243,77.51881495,0.3,6,Home,11:35:00,Metro ,30,Walk ,5,< 0.5 km ,6,Walk ,3,< 0.5 km ,,For neither access nor egress trips ,,,No ,38,No crowding  - 50-75% of seats occupied ,Female,,,Metro ,18-25 yrs ,Graduate,Employed,,0,0,0,0,0,10,-1,8,1,1,1,1,1,4,0,1,1,1,1,0
156,886,866,0,hydrograph,925,919,-6,fall,Nagasandra (green line),Rajajinagar (green line),"Akash byjus, Rajajinagar ananya hospital beside ",12.99980373,77.5504966,0.14,2,School,"Near maramma temple, baglugutte, ganapati badavane",13.05691268,77.50136135,1.4,20,Home,11:25:00,Metro ,21,Walk ,10,1 km to 1.5 km ,8,Walk ,2,< 0.5 km ,,For access trip only ,,,Metro card ,0,No crowding  - 25-50% of seats occupied ,Male,,,Metro ,18-25 yrs ,12th,Student,"50,001 – 1,00,000",1,2,0,0,0,10,-1,3,1,1,1,3,1,1,1,1,1,3,1,1
157,898,909,11,rise,909,909,0,flat,Jalahalli (green line),Swami Vivekananda Road (purple line),"Ade ,drdo",12.97947997,77.65226067,1.4,19,Work,"Jalahalli cross,Peenya industry near play station ",13.03603222,77.52231149,0.8,13,Work,11:30:00,Metro ,70,Walk ,5,0.5 to 1 km ,1,Walk ,10,0.5 to 1 km ,,For neither access nor egress trips ,,,No ,50,High crowding - All seats AND 50-75% of standing space occupied ,Male,,,Metro ,18-25 yrs ,Trade,Employed,"25,001 – 50,000",0,0,0,0,0,10,-1,2,2,1,1,2,2,4,1,1,1,2,2,0
158,895,897,2,rise,933,933,0,flat,Nagasandra (green line),Banashankari (green line),"Katriguppe, 3rd stage 80 feet road",13.02793162,77.57886691,26,11.5,Work,"Matanayakanahalli, Canadian school",13.05636773,77.45423897,8.7,20,Home,11:30:00,Metro ,40,Two-Wheeler ,20,> 5 km ,4,Auto Rickshaw ,15,> 5 km ,8,For both access and egress trips ,,,No ,95,No crowding  - Most ,Male,,,Metro ,36-45 yrs ,Trade,Employed,"50,001 – 1,00,000",1,1,0,0,0,10,-1,2,1,1,3,11,11,3,1,3,5,5,5,1
159,909,898,-11,fall,901,870,-31,rise,Indiranagar (purple line),Magadi Road (purple line),"Rajajinagar,5th block ",12.98537547,77.55168008,1.9,10,Home,"Indiranagar,8th cross",12.97172559,77.64654823,1.6,21,Work,11:30:00,Metro ,30,Walk ,17,1 km to 1.5 km ,6,Two-Wheeler ,10,2 km to 2.5 km ,,For both access and egress trips ,,,Metro card ,0,No crowding  - 25-50% of seats occupied ,Female,,,Metro ,26-35 yrs ,Postgraduate,Student,,1,2,0,0,0,10,-1,1,2,1,2,3,5,3,0,1,3,3,4,1
160,902,905,3,rise,925,925,0,flat,Indiranagar (purple line),Mahatma Gandhi Road (purple line),Mg road brigade road,12.97514914,77.60835524,0.18,3,Other,Indiranagar motherhood hospital ,12.97848809,77.6375243,0.1,2,Home,11:45:00,Metro ,45,Walk ,7,0.5 to 1 km ,5,Walk ,13,0.5 to 1 km ,,For neither access nor egress trips ,,,Metro card ,0,Medium crowding - All seats AND 25-50% of standing space occupied ,Female,,,Metro ,46-60 yrs ,Graduate,Unemployed,,1,1,0,0,0,10,-1,8,1,1,4,2,2,4,0,1,1,2,2,1
163,918,918,0,flat,906,911,5,rise,Baiyappanahalli (purple line),National College (green line),"Basavnagudi,Py spider",12.94751476,77.56578658,1.2,18,Work,"Kaggadasapura,CV Raman nagar",12.97921425,77.66516426,3,45,Home,11:00:00,Metro ,60,Bicycle ,45,> 5 km ,3,Walk ,5,0.5 to 1 km ,,For access trip only ,,,Metro card ,0,High crowding - All seats AND 50-75% of standing space occupied ,Male,,,Metro ,18-25 yrs ,Graduate,Student,"25,001 – 50,000",0,1,1,0,0,10,-1,2,1,1,1,11,2,1,1,2,1,5,2,1
164,920,920,0,parabola ,931,931,0,flat,Rajajinagar (green line),Jayanagar (green line),Jayanagar 9th block ,12.92041032,77.59282193,2.2,10,Home,"Rajajinagar,  Karnataka gastero centre hospital ",13.00056895,77.54694317,0.55,8,Other,11:30:00,Metro ,60,Walk ,5,< 0.5 km ,8,Auto Rickshaw ,20,4.5 km to 5 km ,5,For neither access nor egress trips ,,,No ,29,High crowding - All seats AND 50-75% of standing space occupied ,Female,,,Metro ,26-35 yrs ,Postgraduate,Employed,"50,001 – 1,00,000",1,0,0,0,0,10,-1,1,8,1,2,1,10,4,0,1,5,1,5,1
170,925,925,0,mixed,789,792,3,flat,Rashtreeya Vidyalaya Road (green line),Kengeri Bus Terminal (purple line),Kengeri bmtc bus stand,12.91045972,77.48284294,0.75,5,Home,JAIN univeristy ,12.91820463,77.59145442,1.7,23,School,11:50:00,Metro ,75,Walk ,20,1.5 km to 2 km ,8,Walk ,5,0.5 to 1 km ,,For access trip only ,,,Metro card ,0,High crowding - All seats AND 50-75% of standing space occupied ,Male,,,Bus ,18-25 yrs ,Graduate,Student,"1,00,001 – 2,00,000",1,1,1,0,0,10,-1,1,3,1,1,4,2,1,1,1,1,3,2,1
181,920,920,0,flat,921,926,5,rise,Doddakallasandra (green line),South End Circle (green line),"South end circle,surana college ",12.93659943,77.57819143,0.4,6,School,"Anajana pura ,ds max stonescape",12.88463202,77.54332447,5.6,15,Home,12:55:00,Metro ,20,Two-Wheeler ,15,4.5 km to 5 km ,1,Walk ,5,< 0.5 km ,,For neither access nor egress trips ,,,Metro card ,0,Medium crowding - All seats AND 25-50% of standing space occupied ,Male,,,Metro ,18-25 yrs ,12th,Student,,2,2,3,0,0,10,-1,3,1,1,1,10,1,4,1,3,1,5,1,1
182,892,894,2,flat,892,883,-9,fall,Vajarahalli (green line),Vijayanagar (purple line),"15th main road SBI colony, vijaynagar ",12.97174019,77.53419137,0.3,4,Home,KSI college ,12.8793739,77.54418699,0.22,3,School,12:50:00,Metro ,60,Walk ,5,< 0.5 km ,6,Walk ,5,< 0.5 km ,,For both access and egress trips ,,,Metro card ,0,No crowding  - 50-75% of seats occupied ,Male,,,Metro ,18-25 yrs ,12th,Student,"50,001 – 1,00,000",1,2,0,0,0,10,-1,1,3,1,1,1,1,3,1,1,1,1,1,1
183,902,902,0,mixed,918,922,4,rise,Yelachenahalli (green line),Trinity (purple line),"Kotak Mahindra Bank, Trinity ",12.97302481,77.61596732,0.17,3,Work,"JP nagar 7th phase,kotak Mahindra Bank ",12.90390123,77.5911991,3.6,9,Work,12:30:00,Metro ,35,Dropped-off by friends/others ,5,3.5 km to 4 km ,8,Walk ,2,< 0.5 km ,,For egress trip only ,,,No ,42,Medium crowding - All seats AND 25-50% of standing space occupied ,Male,,,Metro ,26-35 yrs ,Graduate,Employed,"25,001 – 50,000",0,2,0,0,0,10,-1,2,2,1,2,8,1,2,1,8,1,4,1,1
185,908,919,11,rise,911,924,13,rise,Jayaprakash Nagar (green line),"Nadaprabhu Kempegowda Station, Majestic (green/purple line)",SJM towers,12.9798645,77.57812845,1.3,18,Work,"JP nagar, near Saraki Market ",12.91160723,77.57371639,0.5,8,Home,13:00:00,Metro ,50,Walk ,10,0.5 to 1 km ,5,Walk ,15,0.5 to 1 km ,,For both access and egress trips ,,,Metro card ,0,No crowding  - Most ,Female,,,Metro ,26-35 yrs ,Graduate,Employed,"25,001 – 50,000",1,0,0,0,0,10,-1,2,1,1,2,2,2,3,0,1,1,2,2,1
204,919,926,7,rise,880,880,0,flat,Trinity (purple line),"Sri Balagangadharanatha Swamiji Station, Hosahalli (purple line)",Veeresh theater ,12.97701975,77.5460816,0.4,5,Home,Mital tower,12.97345438,77.615868,0.23,4,Work,03:00:00,Metro ,25,Walk ,5,< 0.5 km ,5,Walk ,5,< 0.5 km ,,For both access and egress trips ,,,Metro card ,0,Medium crowding - All seats AND 25-50% of standing space occupied ,Female,,,Metro ,18-25 yrs ,12th,Employed,,0,1,0,0,0,10,-1,1,2,1,1,1,1,3,0,1,1,1,1,1
206,900,928,28,rise,895,904,9,rise,Jalahalli (green line),Halasuru (purple line),"Halasuru,jog palya somaeshwara temple",12.97555486,77.62335574,0.35,5,Home,"Jalahalli,srs college ",13.0333128,77.5305559,1.6,25,School,15:05:00,Metro ,50,Walk ,5,< 0.5 km ,8,Walk ,5,< 0.5 km ,,For access trip only ,,,No ,45,Medium crowding - All seats AND 25-50% of standing space occupied ,Male,,,Metro ,18-25 yrs ,10th,Student,"25,001 – 50,000",0,1,0,0,0,10,-1,1,3,1,1,1,1,1,1,1,1,1,1,1
208,919,919,0,flat,891,891,0,flat,Trinity (purple line),Nagasandra (green line),Nagasandra ikea,13.04853872,77.49897149,0.24,4,Shopping,1mg mall,12.97345557,77.62085555,0.4,6,Work,15:20:00,Metro ,45,Walk ,6,1.5 km to 2 km ,6,Walk ,4,< 0.5 km ,,For access trip only ,,,Metro card ,0,Medium crowding - All seats AND 25-50% of standing space occupied ,Female,,,Metro ,18-25 yrs ,Graduate,Student,,1,1,0,0,0,10,-1,4,2,1,1,4,1,1,0,1,1,3,1,1
217,916,918,2,rise,923,925,2,rise,Trinity (purple line),Vijayanagar (purple line),"Magadi road,achraya Bangalore b school ",13.00797148,77.45930765,9,40,Home,"St Joseph's , trinity ",12.97261193,77.61238989,0.65,9,School,15:30:00,Metro ,60,Walk ,5,0.5 to 1 km ,6,Car ,40,> 5 km ,,For neither access nor egress trips ,,,Metro card ,0,High crowding - All seats AND 50-75% of standing space occupied ,Female,,,Metro ,18-25 yrs ,Postgraduate,Student,,1,1,0,0,0,10,-1,1,3,1,1,2,11,4,0,1,4,2,5,1
222,905,905,0,flat,906,910,4,rise,Jalahalli (green line),National College (green line),"National college,",12.94872791,77.57276163,1,3,Work,"Chikkabanavara, chikkabanavara bus stand ",13.08121228,77.51024518,5.8,20,Home,15:40:00,Metro ,60,Two-Wheeler ,20,> 5 km ,6,Walk ,10,0.5 to 1 km ,,For neither access nor egress trips ,,,Metro card ,0,Low crowding - All seats AND up to 25% of standing space occupied ,Male,,,Metro ,36-45 yrs ,Postgraduate,Employed,"50,001 – 1,00,000",1,1,0,0,0,10,-1,2,1,1,3,11,2,4,1,3,1,5,2,1
224,,,,,907,914,7,rise,Sandal Soap Factory (green line),Konanakunte Cross (green line),"Koran kontencross,falcon city",12.8856092,77.56461449,0.65,9,Home,Manipal hospital ,13.01414313,77.55630555,0.65,10,Other,15:45:00,Metro ,50,Walk ,10,0.5 to 1 km ,3,Walk ,10,0.5 to 1 km ,,For neither access nor egress trips ,,,Metro card ,0,High crowding - All seats AND 50-75% of standing space occupied ,Male,,,Metro ,> 60 yrs ,Postgraduate,Unemployed,>2 Lakhs,2,0,0,0,0,10,-1,1,8,1,5,2,2,4,1,1,1,2,2,1
225,903,903,0,parabola,915,915,0,mixed,Jalahalli (green line),Baiyappanahalli (purple line),"OMBR layout, chikkabanswadi",13.00744569,77.64833274,3.5,10,Home,Acharya college ,13.03570386,77.51856818,0.7,11,School,16:30:00,Metro ,90,Walk ,8,< 0.5 km ,8,Two-Wheeler ,10,2.5 km to 3 km ,,For neither access nor egress trips ,,,Metro card ,0,Medium crowding - All seats AND 25-50% of standing space occupied ,Male,,,Metro ,18-25 yrs ,Graduate,Student,,0,2,0,0,0,10,-1,1,3,1,1,1,6,4,1,1,3,1,4,1
228,916,925,9,rise,905,905,0,flat,Rajajinagar (green line),Dasarahalli (green line),Dasarahalli royal supermarket,13.04968998,77.50855648,1,15,Home,Unacademy centre rajaji nagar,13.00309125,77.54939223,0.3,4,School,04:10:00,Metro ,30,Walk ,5,< 0.5 km ,3,Walk ,5,< 0.5 km ,,For both access and egress trips ,,,Metro card ,0,Medium crowding - All seats AND 25-50% of standing space occupied ,Male,,,Metro ,18-25 yrs ,12th,Student,,1,1,0,0,0,10,-1,1,3,1,1,1,1,3,1,1,1,1,1,1
230,907,907,0,flat,926,913,-13,fall,Jalahalli (green line),Cubbon Park (purple line),"Cubbon park, unity building ",12.96703084,77.61206347,2.6,15,Work,"BIEC, madhavara",13.05734747,77.47054305,5.4,20,Work,15:50:00,Metro ,45,Two-Wheeler ,20,> 5 km ,6,Auto Rickshaw ,15,2 km to 2.5 km ,5,For both access and egress trips ,,,No ,90,No crowding  - 50-75% of seats occupied ,Male,,,Metro ,36-45 yrs ,Postgraduate,Employed,,0,1,0,0,0,10,-1,2,2,1,3,11,5,3,1,3,5,5,4,1
236,915,925,-10,rise,914,924,10,rise,Goraguntepalya (green line),Mahatma Gandhi Road (purple line),Mg road prestige delta building ,12.96827654,77.59918551,1.3,18,Work,Gokuldas enterprise ,13.02770272,77.53476627,0.75,12,Home,15:45:00,Metro ,75,Walk ,7,0.5 to 1 km ,5,Walk ,15,0.5 to 1 km ,,For neither access nor egress trips ,,,Mobility card ,0,Low crowding - All seats AND up to 25% of standing space occupied ,Female,,,Metro ,18-25 yrs ,Graduate,Employed,"25,001 – 50,000",0,0,0,0,0,10,-1,2,1,1,1,2,2,4,0,1,1,2,2,0
237,906,893,-13,fall,918,918,0,flat,Konanakunte Cross (green line),Srirampura (green line),Mantrimall,12.9915833,77.57034205,1.9,8,Home,Mantri serenity ,12.8867494,77.54924177,1.5,20,Work,16:40:00,Metro ,30,Walk ,1,< 0.5 km ,6,Car ,3,< 0.5 km ,,For neither access nor egress trips ,,,No ,40,No crowding  - 50-75% of seats occupied ,Male,,,Car ,36-45 yrs ,Graduate,Business,,1,1,1,0,0,10,-1,1,2,1,3,1,1,4,1,1,4,1,1,1
241,928,928,0,parabola,923,923,0,flat,Rashtreeya Vidyalaya Road (green line),Mahalakshmi (green line),Mahalaxmi layout ,13.01460827,77.55028315,1,2,Home,Jayanagar 4th block ,12.9261489,77.58307478,0.7,10,School,16:30:00,Metro ,30,Walk ,10,0.5 to 1 km ,3,Two-Wheeler ,3,0.5 to 1 km ,,For neither access nor egress trips ,,,Metro card ,0,Low crowding - All seats AND up to 25% of standing space occupied ,Male,,,Metro ,18-25 yrs ,Graduate,Student,"1,00,001 – 2,00,000",2,2,1,0,0,10,-1,1,3,1,1,2,2,4,1,1,3,2,2,1
242,931,901,-30,fall,936,936,0,flat,Jayanagar (green line),Sandal Soap Factory (green line),Orion mall ,13.01097145,77.55553397,1,5,Shopping,Wilson garden ,12.94819367,77.59964448,3.9,10,Home,16:30:00,Metro ,40,Auto Rickshaw ,10,2 km to 2.5 km ,1,Walk ,5,0.5 to 1 km ,,For neither access nor egress trips ,,,No ,200,High crowding - All seats AND 50-75% of standing space occupied ,Female,,,I was not making this trip ,46-60 yrs ,Graduate,Unemployed,,1,1,1,0,0,10,-1,4,1,1,4,5,2,4,0,5,1,4,2,1
243,931,931,0,flat,900,900,0,rise,Jayanagar (green line),Mantri Square Sampige Road (green line),Kr market,12.96434071,77.58271725,5.7,21,School,Rajiv Gandhi universe ,12.92628521,77.59496056,1.7,20,School,16:40:00,Metro ,20,Walk ,5,0.5 to 1 km ,5,Auto Rickshaw ,10,2 km to 2.5 km ,5,For neither access nor egress trips ,,,Metro card ,60,Very high crowding - All seats AND most standing space occupied ,Male,,,Metro ,18-25 yrs ,Graduate,Student,"25,001 – 50,000",0,0,0,0,0,10,-1,3,3,1,1,2,5,4,1,1,5,2,4,0
245,932,907,-25,fall,896,868,-20,fall,National College (green line),Nagasandra (green line),Prestige appartment ,13.05289223,77.48947931,1.8,27,Home,BMS ,12.94123888,77.56644422,1.7,25,Work,16:35:00,Metro ,60,Walk ,20,1 km to 1.5 km ,8,Walk ,15,0.5 to 1 km ,,For both access and egress trips ,,,Metro card ,0,Medium crowding - All seats AND 25-50% of standing space occupied ,Female,,,Metro ,26-35 yrs ,Doctorate,Employed,"25,001 – 50,000",0,0,0,0,0,10,-1,1,2,1,2,3,2,3,0,1,1,3,2,0
247,888,904,16,mixed,897,936,39,rise,Nagasandra (green line),Mantri Square Sampige Road (green line),Malleswaram 18th cross,13.00827892,77.57482225,2.2,33,Shopping,"8th mile, baglugutte temple near",13.07554423,77.52384091,5.2,20,Home,17:30:00,Metro ,30,Car ,10,4.5 km to 5 km ,1,Walk ,8,1 km to 1.5 km ,,For neither access nor egress trips ,,,No ,35,No crowding  - 25-50% of seats occupied ,Male,,,Metro ,26-35 yrs ,Graduate,Employed,,1,1,0,0,0,10,-1,4,1,1,2,10,3,4,1,4,1,5,3,1
252,890,883,-7,fall,941,941,0,flat,Doddakallasandra (green line),Peenya (green line),"Yelanka new town, new town Bus stand ",13.09582893,77.59230688,13,32,Home,"Doddagallasandra metro station near, mantri serinity",12.88732101,77.5500359,0.95,13,Work,18:55:00,Metro ,90,Walk ,5,0.5 to 1 km ,8,Car ,30,> 5 km ,,For neither access nor egress trips ,,,Metro card ,0,No crowding  - 25-50% of seats occupied ,Male,,,Metro ,> 60 yrs ,Postgraduate,Employed,,2,1,0,0,0,10,-1,1,2,1,5,2,11,4,1,1,4,2,5,1
253,908,908,0,flat,924,906,-18,fall,Jayaprakash Nagar (green line),Rajajinagar (green line),Near ESI hospital ,12.99013009,77.55429176,1.4,18,Home,"Saraki signal, outer ring road ",12.90647066,77.57381147,0.14,2,Work,18:30:00,Metro ,60,Walk ,20,1.5 km to 2 km ,4,Walk ,20,1.5 km to 2 km ,,For both access and egress trips ,,,Metro card ,0,Low crowding - All seats AND up to 25% of standing space occupied ,Male,,,Metro ,26-35 yrs ,Postgraduate,Employed,,0,0,0,0,0,10,-1,1,2,1,2,4,4,3,1,1,1,3,3,0
257,902,915,13,rise,915,902,-13,fall,Dasarahalli (green line),Sandal Soap Factory (green line),"Vivekananda college,Orion mall",13.0457071,77.51960097,1,12,School,"Dasarahalli,Kalasthi government school ",13.04529459,77.51945636,0.9,13,Home,08:30:00,Metro ,15,Walk ,5,< 0.5 km ,3,Walk ,5,< 0.5 km ,,For neither access nor egress trips ,,,No ,20,High crowding - All seats AND 50-75% of standing space occupied ,Male,,,Bus ,18-25 yrs ,10th,Student,"<=10,000",0,0,1,0,0,10,-1,3,1,1,1,1,1,4,1,1,1,1,1,0
260,912,912,0,flat,918,918,0,flat,Dasarahalli (green line),Baiyappanahalli (purple line),"Yamalur,77 town centre ",12.9477255,77.69722119,8.6,30,Work,"HMT layout,Gaga international school ",13.02930721,77.49244317,3.9,15,Home,08:30:00,Metro ,90,Two-Wheeler ,15,2.5 km to 3 km ,3,Shuttle bus,30,> 5 km ,5,For neither access nor egress trips ,,,Metro card ,52,High crowding - All seats AND 50-75% of standing space occupied ,Male,,,Metro ,36-45 yrs ,Graduate,Employed,>2 Lakhs,1,1,1,0,0,10,-1,2,1,1,3,6,11,4,1,3,9,4,5,1
264,924,916,-8,fall,928,922,-6,fall,Yeshwanthpur (green line),Jayanagar (green line),4th block jayanagar ,12.92593562,77.58355239,0.65,9,Work,"Yeshwanthapura, LN colony ",13.02183255,77.55842418,1.3,19,Home,08:30:00,Metro ,60,Walk ,10,< 0.5 km ,2,Walk ,15,0.5 to 1 km ,,For neither access nor egress trips ,,,Metro card ,0,No crowding  - Most ,Male,,,Metro ,26-35 yrs ,Postgraduate,Employed,,0,1,0,0,0,10,-1,2,1,1,2,1,2,4,1,1,1,1,2,1
268,894,917,23,rise,906,906,0,flat,Lalbagh (green line),Konanakunte Cross (green line),Forum mall,12.88802514,77.5630454,0.45,6,Work,Lalbagh ksrtc quarters ,12.95227871,77.60103701,3,12,Home,09:12:00,Metro ,30,Auto Rickshaw ,5,0.5 to 1 km ,3,Auto Rickshaw ,5,1.5 km to 2 km ,3,For both access and egress trips ,,,Metro card ,100,No crowding  - Most ,Male,,,Metro ,18-25 yrs ,12th,Employed,"50,001 – 1,00,000",0,0,0,0,0,10,-1,2,1,1,1,2,4,3,1,5,5,2,3,0
278,884,891,7,rise,915,918,3,mixed,Thalaghattapura (green line),"Sir.M.Visvesvaraya Stn., Central College (purple line)",Prison head quarters,12.98065273,77.58255762,1.1,15,Work,Thalgattupura opposite sadhana public scholl,12.87369821,77.53340919,1.2,16,Home,09:30:00,Metro ,45,Walk ,7,0.5 to 1 km ,5,Walk ,10,1 km to 1.5 km ,,For neither access nor egress trips ,,,Metro card ,0,No crowding  - 50-75% of seats occupied ,Male,,,Metro ,36-45 yrs ,Postgraduate,Employed,>2 Lakhs,0,2,1,0,0,10,-1,2,1,1,3,2,3,4,1,1,1,2,3,1
279,857,862,5,rise,931,910,-21,fall,Silk Institute (green line),Jayanagar (green line),"Diagonally opposite to Banglore diary circle,  near by kidwi",12.93679343,77.60521862,3.9,13,Work,"SV luxuria, near silk institute metro station ",12.86056304,77.52889709,0.28,4,Home,09:40:00,Metro ,40,Walk ,10,< 0.5 km ,2,Auto Rickshaw ,25,3.5 km to 4 km ,0,For neither access nor egress trips ,,,Metro card ,80,No crowding  - 50-75% of seats occupied ,Female,,,Metro ,46-60 yrs ,Graduate,Employed,,0,0,0,0,0,10,-1,2,1,1,4,1,8,4,0,1,5,1,4,0
282,896,896,0,flat,931,931,0,flat,Doddakallasandra (green line),Sandal Soap Factory (green line),World Trade centre ,13.01229303,77.55791562,1.9,28,Work,"Mantri serenity, doddakalasandra ",12.88654299,77.54989495,0.45,6,Home,09:40:00,Metro ,60,Walk ,10,< 0.5 km ,5,Walk ,7,< 0.5 km ,,For neither access nor egress trips ,,,No ,0,Medium crowding - All seats AND 25-50% of standing space occupied ,Male,,,Metro ,26-35 yrs ,Postgraduate,Employed,>2 Lakhs,1,1,1,0,0,10,-1,2,1,1,2,1,1,4,1,1,1,1,1,1
283,894,883,-11,hydrograph,920,924,4,parabola ,Thalaghattapura (green line),Sandal Soap Factory (green line),Yeshwanthpur 1st stop near,13.02422509,77.55144749,1.2,18,Work,"Judicial layout, thalagattapura",12.86509188,77.53823914,1.1,16,Home,09:30:00,Metro ,60,Walk ,10,0.5 to 1 km ,3,Auto Rickshaw ,5,1.5 km to 2 km ,0,For neither access nor egress trips ,,,Metro card ,40,High crowding - All seats AND 50-75% of standing space occupied ,Female,,,Metro ,26-35 yrs ,Graduate,Employed,,2,1,0,0,0,10,-1,2,1,1,2,2,4,4,0,1,5,2,3,1
292,910,918,8,rise,916,916,0,parabola ,"Nadaprabhu Kempegowda Station, Majestic (green/purple line)",Baiyappanahalli (purple line),"Kasturi nagar,Sri Durga bakery",13.00450747,77.65841601,2.8,6,Home,"Gandhi nagar,Desi masala ",12.97991447,77.57757026,1.4,20,Work,11:00:00,Metro ,60,Walk ,20,1 km to 1.5 km ,7,Dropped-off by friends/others ,10,2.5 km to 3 km ,0,For egress trip only ,,,Metro card ,0,Low crowding - All seats AND up to 25% of standing space occupied ,Female,,,Metro ,26-35 yrs ,Graduate,Employed,,0,1,0,0,0,10,-1,1,2,1,2,3,6,2,0,1,8,3,4,1
